"Country Code","Country Name","Port Name","Facility Name","IMO Port Facility Number","Description","Longitude","Latitude","Plan Approved?","Initial Approval Date","Review Date","SoC Issue Date","Security Plan Withdrawn?","Withdrawn Date","Last Updated"
"SWE","Sweden","Agnesberg","Skrotfrag AB","SEAGB-0001","Bulk carrier, Other cargo ship","0120100E","575000N","True","01/07/2004 00:00:00","07/10/2021 00:00:00","04/02/2016 00:00:00","False","","07/10/2021 10:05:15"
"SWE","Sweden","Ahus","Åhus hamn och stuveri AB","SEAHU-0001","Bulk and other types of ships","0141900E","555600S","True","28/05/2009 00:00:00","08/03/2022 00:00:00","","False","","23/03/2026 08:36:51"
"SWE","Sweden","Ala","Ala hamn","SEALA-0001","General Cargo","0171000E","611300N","True","27/11/2009 00:00:00","19/12/2025 00:00:00","","False","","19/12/2025 17:22:42"
"SWE","Sweden","Alvenas","Älvenäs Hamn","SEALN-0001","Other cargo ship","0131055W","592204N","True","15/12/2017 00:00:00","13/01/2025 00:00:00","","False","","14/01/2025 23:03:37"
"SWE","Sweden","Amal","Åmåls Djuphamn","SEAMA-0002","Bulk carrier, other cargo ship","0124254E","590255N","True","14/04/2023 00:00:00","","","False","","17/12/2024 15:12:25"
"SWE","Sweden","Backviken","Bäckviken","SEBAC-0001","Passenger ships","0124300E","555400N","True","03/06/2010 00:00:00","26/11/2020 00:00:00","","False","","14/12/2020 11:00:15"
"SWE","Sweden","Balsta","Bålsta Gyproc AB","SEBAA-0002","Bulk","0173000E","593500N","True","01/07/2004 00:00:00","13/11/2025 00:00:00","","False","","17/02/2026 18:17:14"
"SWE","Sweden","Balsta","Cementa Bålstadepå","SEBAA-0001","Bulk","0173300E","593300N","True","01/07/2004 00:00:00","28/05/2022 00:00:00","","False","","31/05/2022 12:20:37"
"SWE","Sweden","Barsebackshamn","Barsebäcksverkets hamn","SEBBH-0001","General cargo","0124500E","554500N","True","01/06/2009 00:00:00","23/05/2024 00:00:00","","False","","03/09/2024 10:16:42"
"SWE","Sweden","Bergs oljehamn","Bergs oljehamn","SEBER-0001","Oil, Chemical","0180300E","591900N","True","20/12/2019 00:00:00","10/12/2022 00:00:00","","False","","03/01/2023 08:56:06"
"SWE","Sweden","Bollstabruk","Bollsta SCA","SEBOL-0001","General cargo, Bulk, Forestry prod.","0175600E","625200N","True","01/07/2004 00:00:00","20/08/2020 00:00:00","","False","","06/08/2024 06:11:35"
"SWE","Sweden","Degerhamn","Degerhamns industrihamn","SEDEG-0001","Oil tankers, Bulk and other types of ships","0162500E","562100N","True","16/06/2009 00:00:00","15/05/2025 00:00:00","","False","","16/05/2025 10:24:09"
"SWE","Sweden","Elleholm","Elleholms hamn","SEELL-0001","Bulk and other types of ships","0144500E","560900N","True","28/12/2010 00:00:00","09/10/2025 00:00:00","","False","","09/10/2025 11:52:27"
"SWE","Sweden","Falkenberg","Falkenbergs Terminal","SEFAG-0002","Bulk carrier, Other cargo ship, chemical tanker","0123000E","565300N","True","01/07/2004 00:00:00","23/02/2022 00:00:00","10/06/2015 00:00:00","False","","23/02/2022 15:11:11"
"SWE","Sweden","Falkenberg","Falkvarv","SEFAG-0001","Shipyard, all types of ships","0123000E","585300N","True","01/07/2004 00:00:00","08/06/2026 00:00:00","26/03/2013 00:00:00","False","","10/06/2026 21:59:04"
"SWE","Sweden","Flivik","Flivik Berghamn","SEFLI-0001","Bulk and other types of ships","0165800E","575400N","True","22/05/2006 00:00:00","09/12/2025 00:00:00","","False","","09/12/2025 10:26:01"
"SWE","Sweden","Forsmark","Forsmark","SEFOR-0002","General cargo","0181000E","602300N","True","01/04/2023 00:00:00","13/01/2026 00:00:00","","False","","13/01/2026 12:40:54"
"SWE","Sweden","Gavle","Billerud Gävle - Råvarukaj","SEGVX-0003","Oil, Bulk, Chem","0171600E","604100N","True","01/07/2004 00:00:00","12/03/2026 00:00:00","","False","","12/03/2026 09:23:42"
"SWE","Sweden","Gavle","Bulkterminalen, kajplats 16 (sligen)","SEGVX-0046","Bulk","0171300E","604100N","True","31/05/2017 00:00:00","27/05/2026 00:00:00","","False","","28/05/2026 06:40:51"
"SWE","Sweden","Gavle","Bulkterminalen, kajplats 4-14","SEGVX-0045","Bulk","0171300E","604100N","True","31/05/2017 00:00:00","27/05/2026 00:00:00","","False","","28/05/2026 06:38:43"
"SWE","Sweden","Gavle","Containerterminalen","SEGVX-0048","Bulk","0171300E","604100N","True","25/02/2020 00:00:00","27/05/2026 00:00:00","","False","","28/05/2026 06:43:02"
"SWE","Sweden","Gavle","Kaj 1","SEGVX-0010","Chemicals & Oil","0171270E","604130N","True","01/07/2004 00:00:00","08/05/2026 00:00:00","","False","","10/05/2026 21:10:30"
"SWE","Sweden","Gavle","Kaj 27","SEGVX-0009","Oil","0171370E","604155N","True","01/07/2004 00:00:00","08/05/2026 00:00:00","","False","","10/05/2026 21:13:47"
"SWE","Sweden","Gavle","Terminal Granudden, kajplats 301-303","SEGVX-0047","Bulk","0171400E","604100N","True","31/05/2017 00:00:00","27/05/2026 00:00:00","","False","","28/05/2026 06:46:38"
"SWE","Sweden","Goteborg","APM Terminals Gothenburg AB","SEGOT-0091","Passenger ship, Bulk carrier, Other cargo ship","0115129E","574134N","True","01/07/2010 00:00:00","12/12/2025 00:00:00","","False","","12/12/2025 12:37:53"
"SWE","Sweden","Goteborg","Dalanäs Depå, Stena Oil AB","SEGOT-0128","Oil- and chemical tanker","0115500E","574200N","True","03/10/2011 00:00:00","13/07/2026 00:00:00","","False","","14/07/2026 12:43:05"
"SWE","Sweden","Goteborg","Gotenius Varv","SEGOT-0009","Shipyard, all types of ships","0115700E","574200N","True","01/07/2004 00:00:00","27/10/2025 00:00:00","","False","","30/10/2025 15:27:03"
"SWE","Sweden","Goteborg","Gothenburg International Auto & Roro Terminal AB","SEGOT-0170","General Cargo","0115200E","574100N","True","02/02/2026 00:00:00","02/02/2026 00:00:00","02/02/2026 00:00:00","False","","02/02/2026 14:13:57"
"SWE","Sweden","Goteborg","Gothenburg Ro-Ro Terminal","SEGOT-0094","Passenger ship, Bulk and other cargo ship","0115000E","574150N","True","01/07/2010 00:00:00","22/01/2025 00:00:00","18/03/2011 00:00:00","False","","22/12/2025 09:45:17"
"SWE","Sweden","Goteborg","KAJ 260 Marieholm","SEGOT-0169","Bulk","0111100E","111100N","True","10/03/2023 00:00:00","10/03/2023 00:00:00","","False","","29/10/2024 14:47:44"
"SWE","Sweden","Goteborg","Kaj 262 Marieholm","SEGOT-0167","Bulk and other types of  cargo ship.","0120000E","574400N","True","17/10/2023 00:00:00","17/10/2023 00:00:00","","False","","17/10/2023 14:54:20"
"SWE","Sweden","Goteborg","Kaj 644","SEGOT-0088","Oil tanker, Chemical tanker","0115066E","574163N","True","01/07/2010 00:00:00","22/12/2025 00:00:00","","False","","22/12/2025 12:48:05"
"SWE","Sweden","Goteborg","Kaj 751","SEGOT-0090","Passenger ship, Bulk carrier, Other cargo ship","0111100E","581100N","True","01/07/2010 00:00:00","17/12/2025 00:00:00","","False","","17/12/2025 12:30:47"
"SWE","Sweden","Goteborg","Kaj 752","SEGOT-0168","Bulk, Other cargo ship, Passenger ship","0115800E","574229N","True","14/06/2022 00:00:00","17/12/2025 00:00:00","","False","","17/12/2025 12:31:16"
"SWE","Sweden","Goteborg","Kaj 812 Vikan Kross","SEGOT-0021","Bulk carrier, Other cargo ship","0115700E","574200N","True","01/07/2004 00:00:00","14/04/2025 00:00:00","","False","","23/04/2025 11:22:47"
"SWE","Sweden","Goteborg","Majnabbe","SEGOT-0012","Passenger ship, Passenger HSC, Other cargo ship","0115700E","574200N","True","01/07/2004 00:00:00","22/05/2025 00:00:00","","False","","31/08/2025 18:54:09"
"SWE","Sweden","Goteborg","Masthugget","SEGOT-0014","Passenger ship, Passenger HSC, Other cargo ship","0115700E","574200N","True","01/07/2004 00:00:00","19/07/2022 00:00:00","","False","","31/01/2024 12:19:47"
"SWE","Sweden","Goteborg","Östra Piren","SEGOT-0025","Other cargo ship (Tug)","0111100E","111100N","True","28/01/2008 00:00:00","08/08/2024 00:00:00","","False","","24/09/2024 13:21:25"
"SWE","Sweden","Goteborg","Skarvik/Rya","SEGOT-0089","Oil tanker, Chemical tanker","0115275E","574147N","True","01/07/2010 00:00:00","22/12/2025 00:00:00","18/03/2011 00:00:00","False","","22/12/2025 12:47:37"
"SWE","Sweden","Goteborg","Stigbergskajen","SEGOT-0019","Passenger ship, Other cargo ship","0115700E","574200N","True","01/07/2004 00:00:00","30/06/2025 00:00:00","","False","","30/06/2025 14:05:03"
"SWE","Sweden","Goteborg","Torshamnen","SEGOT-0020","Oil tanker, Chemical tanker","0115700E","574200N","True","01/07/2004 00:00:00","04/12/2025 00:00:00","12/01/2016 00:00:00","False","","04/12/2025 14:44:51"
"SWE","Sweden","Grisslehamn","Grisslehamn","SEGRH-0001","Ferry","0184890E","600592N","True","01/07/2004 00:00:00","22/12/2022 00:00:00","","False","","15/02/2024 12:04:13"
"SWE","Sweden","Gruvon","Billerud Sweden AB, Gruvöns Bruk","SEGRU-0001","Dry cargo, Other cargo ship","0130700E","592000N","True","01/07/2004 00:00:00","25/06/2026 00:00:00","","False","","25/06/2026 09:13:35"
"SWE","Sweden","Hallstavik","Hallsta Pappersbruk","SEHAK-0001","Bulk","0183600E","600300N","True","01/07/2004 00:00:00","24/06/2022 00:00:00","","False","","16/06/2022 12:07:52"
"SWE","Sweden","Halmstad","Inre Hamnen","SEHAD-0010","Bulk and other types of ships, Passenger","0125100E","544000N","True","03/02/2012 00:00:00","22/11/2021 00:00:00","","False","","16/01/2026 11:51:16"
"SWE","Sweden","Halmstad","Kattegatterminalen","SEHAD-0005","Passenger, Bulk and other types of ships.","0125100E","544000N","True","03/02/2012 00:00:00","22/11/2021 00:00:00","","False","","16/01/2026 11:49:59"
"SWE","Sweden","Halmstad","Oljekajen","SEHAD-0011","Oil tankers and chemical tankers.","0125100E","563900N","True","16/12/2016 00:00:00","22/11/2021 00:00:00","","False","","16/01/2026 11:47:18"
"SWE","Sweden","Hargshamn","Hargs hamn","SEHAN-0001","Bulk/General cargo","0182800E","601000N","True","01/07/2004 00:00:00","27/04/2026 00:00:00","","False","","28/04/2026 11:26:04"
"SWE","Sweden","Harnosand","Härnösands hamn Djuphamnen","SEHND-0004","General cargo, bulk, pax","0175600E","623800N","True","28/09/2018 00:00:00","15/01/2026 00:00:00","","False","","15/01/2026 17:45:13"
"SWE","Sweden","Harnosand","Härnösands Hamn Oljehamn","SEHND-0005","Oil, chem, bulk","0175600E","623800N","True","28/09/2018 00:00:00","15/01/2026 00:00:00","","False","","15/01/2026 17:46:00"
"SWE","Sweden","Hasselbyverket/Stockholm","Hässelbyverkets Hamnterminal","SEHBV-0001","Bulk, Dry cargo, oil.","0174800E","592200N","True","01/07/2004 00:00:00","09/05/2025 00:00:00","","False","","14/01/2026 22:35:31"
"SWE","Sweden","Helsingborg","Helsingborg Bulkhamn","SEHEL-0001","Chemical tankers, Bulk and other types of ships.","0124100E","560300N","True","30/06/2009 00:00:00","05/05/2026 00:00:00","","False","","07/05/2026 08:48:59"
"SWE","Sweden","Helsingborg","Norra hamnen / Cityhamnen","SEHEL-0047","Passenger ships and other types of ships.","0124129E","560215N","True","17/04/2013 00:00:00","05/07/2024 00:00:00","","False","","19/07/2024 13:21:16"
"SWE","Sweden","Helsingborg","Öresundslinjen Helsingborg AB","SEHEL-0005","Passenger ships","0124100E","560300N","True","21/05/2014 00:00:00","02/06/2025 00:00:00","","False","","03/06/2025 08:36:38"
"SWE","Sweden","Helsingborg","Sundbusserne","SEHEL-0040","Passenger ships including HSC","0124100E","560200N","True","05/07/2010 00:00:00","28/04/2026 00:00:00","","False","","13/05/2026 06:54:12"
"SWE","Sweden","Helsingborg","Västhamnen / Sydhamnen","SEHEL-0009","Passenger, Bulk, Oil, Chemical and other types of ships.","0124100E","560300N","True","05/06/2009 00:00:00","05/07/2024 00:00:00","","False","","19/07/2024 13:10:29"
"SWE","Sweden","Hoganas","Höganäs AB Industrihamn","SEHOG-0001","Bulk and other types of ships","0123300E","561200N","True","27/05/2009 00:00:00","12/05/2025 00:00:00","","False","","12/05/2025 11:06:28"
"SWE","Sweden","Hudiksvall","Hexatronic Cables & Interconnect Systems AB","SEHUV-0001","General Cargo","0170700E","614300S","True","01/07/2004 00:00:00","17/02/2025 00:00:00","","False","","05/03/2025 13:22:36"
"SWE","Sweden","Husum","Husum hamn","SEHUS-0006","General cargo, oiltanker","0191000E","632000N","True","01/07/2004 00:00:00","14/11/2024 00:00:00","","False","","19/11/2024 11:27:12"
"SWE","Sweden","Iggesund","Iggesund Skärnäs","SEIGG-0001","General cargo, Container, Forestry prod.","0170500W","613900N","True","01/07/2004 00:00:00","10/07/2026 00:00:00","","False","","10/07/2026 13:10:08"
"SWE","Sweden","Jatterson","Jättersön","SEJAT-0001","Bulk carrier, Other cargo ships, chemical tanker","0163300E","570500N","True","29/06/2010 00:00:00","11/10/2024 00:00:00","","False","","15/10/2024 09:26:20"
"SWE","Sweden","Kalix","Kalix Hamn","SEKAX-0002","General cargo, Pulp, Pulpwood, Bulk","0231600E","654700N","True","01/07/2004 00:00:00","28/01/2026 00:00:00","","False","","03/02/2026 12:49:24"
"SWE","Sweden","Kalmar","Barlastholmen / Finngrundet / Tjärhovet","SEKLR-0001","Bulk carrier and other types of ships","0162200E","564000N","True","24/06/2009 00:00:00","28/11/2025 00:00:00","","False","","01/12/2025 12:46:01"
"SWE","Sweden","Kalmar","Oljehamnen","SEKLR-0002","Oil tankers, chemical tankers","0162200E","654000N","True","24/06/2009 00:00:00","28/11/2025 00:00:00","","False","","01/12/2025 12:44:14"
"SWE","Sweden","Kalmar","Södra Kvarnholmen","SEKLR-0003","Passenger ships including HSC","0162200E","564000N","True","24/06/2009 00:00:00","28/11/2025 00:00:00","","False","","01/12/2025 12:47:21"
"SWE","Sweden","Kapellskar","Kapellskärs Hamn","SEKPS-0001","General cargo, Ferry","0190400E","594300N","True","01/07/2004 00:00:00","16/03/2026 00:00:00","","False","","14/06/2026 19:58:23"
"SWE","Sweden","Karlshamn","Kölöhamnen","SEKAN-0001","Oil tanker, other type of ships","0145200E","561000N","True","22/06/2009 00:00:00","30/01/2026 00:00:00","","False","","30/01/2026 09:12:02"
"SWE","Sweden","Karlshamn","Oxhaga","SEKAN-0002","Oil tanker and gas carrier","0145200E","561000N","True","05/06/2009 00:00:00","29/04/2025 00:00:00","","False","","29/04/2025 14:10:30"
"SWE","Sweden","Karlshamn","Stilleryd","SEKAN-0006","Bulk and other types of ship","0145200E","561000N","True","05/06/2009 00:00:00","21/05/2025 00:00:00","","False","","21/05/2025 09:11:30"
"SWE","Sweden","Karlshamn","Sutudden","SEKAN-0004","Oil tanker and chemical tanker.","0145200E","561000N","True","05/06/2009 00:00:00","29/04/2025 00:00:00","","False","","29/04/2025 13:21:35"
"SWE","Sweden","Karlshamn","Västra kajen","SEKAN-0005","Bulk, Oil tanker, Chemical tanker and other types of ships","0145200E","561000N","True","28/05/2009 00:00:00","21/07/2025 00:00:00","","False","","21/07/2025 12:49:27"
"SWE","Sweden","Karlskrona","Färjeterminalen Karlskrona","SEKAA-0003","Ropax and Dry cargo (General cargo)","0153600E","561000N","True","13/02/2012 00:00:00","29/05/2026 00:00:00","","False","","29/05/2026 12:17:36"
"SWE","Sweden","Karlskrona","Handelshamnen","SEKAA-0004","Other types of ships, passengership, oiltanker","0153600E","561000N","True","28/05/2009 00:00:00","31/10/2025 00:00:00","","False","","31/10/2025 11:14:40"
"SWE","Sweden","Karlskrona","Kungsbron","SEKAA-0006","Passenger ships","0153600E","561000N","True","28/05/2009 00:00:00","31/10/2025 00:00:00","","False","","31/10/2025 11:10:09"
"SWE","Sweden","Karlskrona","NKT INDUSTRIKAJ","SEKAA-0001","Bulk and other types of ships","0153600E","561000N","True","28/05/2009 00:00:00","20/06/2022 00:00:00","","False","","01/07/2022 11:08:32"
"SWE","Sweden","Karlskrona","Verkö kaj 1","SEKAA-0008","Oil tanker, Bulk and other types of ships","0153754E","560942N","True","28/05/2009 00:00:00","31/10/2025 00:00:00","","False","","31/10/2025 12:04:20"
"SWE","Sweden","Karlstad","Karlstad Handelshamn","SEKSD-0001","Bulk carrier, Other cargo ship","0133169E","592196N","True","01/07/2004 00:00:00","23/05/2022 00:00:00","","False","","04/07/2022 12:20:48"
"SWE","Sweden","Karlstad","Karlstad Oljehamn","SEKSD-0004","Oil tanker","0133225E","592192N","True","01/07/2009 00:00:00","06/12/2021 00:00:00","","False","","06/12/2021 14:41:44"
"SWE","Sweden","Klintehamn","Klintehamn","SEKLI-0001","Bulk","0181100E","572200N","True","01/07/2004 00:00:00","05/03/2025 00:00:00","","False","","06/03/2025 11:25:12"
"SWE","Sweden","Koping","Köping Silokaj","SEKOG-0006","bulk, chem","0160000E","593100N","True","01/07/2004 00:00:00","01/07/2026 00:00:00","","False","","01/07/2026 11:34:52"
"SWE","Sweden","Koping","Köpings Energihamn","SEKOG-0002","Oil, chem","0160000E","593100N","True","01/07/2004 00:00:00","21/05/2026 00:00:00","","False","","29/05/2026 12:41:44"
"SWE","Sweden","Koping","Köpings Hamn","SEKOG-0003","Bulk, chem","0160000E","593100N","True","01/07/2004 00:00:00","21/05/2026 00:00:00","","False","","29/05/2026 12:42:17"
"SWE","Sweden","Koping","Nordkalks Industrihamn","SEKOG-0001","Bulk","0160000E","593100N","True","01/07/2004 00:00:00","04/12/2025 00:00:00","04/12/2025 00:00:00","False","","04/12/2025 15:15:18"
"SWE","Sweden","Kristinehamn","Kristinehamn","SEKHN-0001","Bulk carrier, Other cargo ship","0140526E","591886N","True","01/07/2004 00:00:00","06/12/2021 00:00:00","30/11/2014 00:00:00","False","","06/12/2021 14:19:21"
"SWE","Sweden","Kubikenborg","Kubikenborg KUBAL","SEKUB-0001","Bulk","0172000E","622500N","True","01/07/2004 00:00:00","08/06/2026 00:00:00","","False","","08/06/2026 13:12:47"
"SWE","Sweden","Landskrona","Landskrona hamn","SELAA-0001","Bulk and other types of ships","0125000E","555200N","True","01/06/2009 00:00:00","27/11/2024 00:00:00","13/02/2018 00:00:00","False","","06/12/2024 16:32:01"
"SWE","Sweden","Landskrona","Oresund Drydocks AB","SELAA-0002","Shipyard","0125000E","555200N","True","01/04/2010 00:00:00","16/04/2025 00:00:00","","False","","22/04/2025 12:47:14"
"SWE","Sweden","Lidkoping","Kållands ö varv Trelle","SELDK-0003","Shipyard, all types of ships","0130923E","584138N","True","31/05/2011 00:00:00","15/12/2021 00:00:00","31/05/2011 00:00:00","False","","15/12/2021 10:14:17"
"SWE","Sweden","Lidkoping","Lidköpings hamn","SELDK-0002","Bulk carrier, Other cargo ship","0130900E","583000N","True","01/07/2004 00:00:00","06/12/2021 00:00:00","30/11/2014 00:00:00","False","","06/12/2021 14:02:13"
"SWE","Sweden","Loten","Jehander Löten Munsö","SELOT-0001","Bulk","0173520E","592470N","True","18/08/2017 00:00:00","13/07/2022 00:00:00","18/08/2017 00:00:00","False","","13/01/2023 12:32:57"
"SWE","Sweden","Lulea","Cementa","SELLA-0020","Bulk","0221000E","653500N","True","30/04/2014 00:00:00","25/09/2022 00:00:00","25/09/2022 00:00:00","False","","15/05/2024 13:33:10"
"SWE","Sweden","Lulea","Sandskär","SELLA-0018","Oil","0221000E","653500N","True","30/04/2014 00:00:00","25/09/2022 00:00:00","25/09/2022 00:00:00","False","","15/05/2024 13:35:06"
"SWE","Sweden","Lulea","Södra hamnen","SELLA-0021","Cruise","0221000E","653500N","True","13/07/2021 00:00:00","25/09/2022 00:00:00","25/09/2022 00:00:00","False","","15/05/2024 13:36:30"
"SWE","Sweden","Lulea","Svartökajen","SELLA-0019","General cargo, Government ship Cruise liner","0221000E","653500N","True","30/04/2014 00:00:00","25/09/2022 00:00:00","25/09/2022 00:00:00","False","","15/05/2024 13:37:38"
"SWE","Sweden","Lulea","Uddebo Oljehamn","SELLA-0017","Oil","0221000E","653500N","True","30/04/2014 00:00:00","25/09/2022 00:00:00","25/09/2022 00:00:00","False","","15/05/2024 13:39:27"
"SWE","Sweden","Lulea","Victoriahamnen","SELLA-0016","General cargo, Bulk","0221000E","653500N","True","30/04/2014 00:00:00","25/09/2022 00:00:00","25/09/2022 00:00:00","False","","05/04/2023 13:00:01"
"SWE","Sweden","Lysekil","Bastevikskajen","SELYS-0009","Bulk carrier, Other cargo ship","0112600E","581600N","True","17/07/2017 00:00:00","04/01/2023 00:00:00","","False","","18/03/2024 12:10:53"
"SWE","Sweden","Lysekil","Grötö Kaj","SELYS-0010","Bulk carrier, Other cargo ship","0112652E","581627N","True","14/05/2020 00:00:00","10/06/2025 00:00:00","","False","","10/06/2025 14:52:55"
"SWE","Sweden","Lysekil","Grötö rev","SELYS-0011","Passenger ship, Other cargo ship","0112728E","581620N","True","13/05/2020 00:00:00","10/06/2025 00:00:00","","False","","10/06/2025 14:53:22"
"SWE","Sweden","Lysekil","Lahälla","SELYS-0008","Other cargo ship (Tug)","0112686E","582145N","True","24/03/2010 00:00:00","03/06/2024 00:00:00","","False","","24/09/2024 13:19:29"
"SWE","Sweden","Lysekil","Produktkajen - Brofjordens Hamn","SELYS-0007","Oil tanker, chem.tanker, gas carrier","0112600E","581600N","True","01/07/2004 00:00:00","04/01/2023 00:00:00","","False","","04/07/2023 14:42:00"
"SWE","Sweden","Lysekil","Råoljekajen - Brofjordens Hamn","SELYS-0006","Oil tanker","0112600E","581600N","True","01/07/2004 00:00:00","04/01/2023 00:00:00","","False","","04/07/2023 14:41:26"
"SWE","Sweden","Malmo","Frihamnen","SEMMA-0003","Buk and other types of ships including HSC (other types of ships), passengerships","0130000E","553700N","True","12/01/2012 00:00:00","15/04/2026 00:00:00","","False","","16/04/2026 09:16:52"
"SWE","Sweden","Malmo","Heidelbergkajen","SEMMA-0059","Bulk and other types of ships","0130000E","553700N","True","05/10/2011 00:00:00","15/04/2026 00:00:00","","False","","16/04/2026 08:58:03"
"SWE","Sweden","Malmo","Industrihamnen","SEMMA-0029","Buk and other types of ships including HSC, Oiltanker, Gas carrier","0130000E","553700N","True","24/01/2012 00:00:00","15/04/2026 00:00:00","","False","","16/04/2026 08:53:02"
"SWE","Sweden","Malmo","Kaj 521","SEMMA-0005","Bulk and other types of ships","0130000E","553700N","True","24/01/2012 00:00:00","15/04/2026 00:00:00","","False","","16/04/2026 09:02:25"
"SWE","Sweden","Malmo","Norra Hamnen","SEMMA-0058","Passenger, Bulk and other types of ships","0130000E","553700N","True","12/01/2012 00:00:00","23/03/2026 00:00:00","","False","","23/03/2026 13:58:57"
"SWE","Sweden","Malmo","Oljehamnen","SEMMA-0021","Oil tankers, Chemical tankers and Gas carrier","0130000E","553700N","True","12/01/2012 00:00:00","15/04/2026 00:00:00","","False","","16/04/2026 09:11:40"
"SWE","Sweden","Malmo","Södra bulkhamnen","SEMMA-0023","Bulk and other types of ships","0130000E","553700N","True","24/01/2012 00:00:00","15/04/2026 00:00:00","","False","","16/04/2026 09:08:02"
"SWE","Sweden","Malmo","Swede Harbour","SEMMA-0024","Bulk and other types of ships","0130000E","553700N","True","24/01/2012 00:00:00","15/04/2026 00:00:00","","False","","16/04/2026 08:44:24"
"SWE","Sweden","Munksund","SCA Munksund AB","SEMUN-0001","Pulpwood","0213029E","651620N","True","01/07/2004 00:00:00","13/05/2026 00:00:00","","False","","13/05/2026 14:33:58"
"SWE","Sweden","Norrkoping","Djurön","SENRK-0003","Bulk","0162000E","583700N","True","01/07/2004 00:00:00","01/06/2026 00:00:00","","False","","02/06/2026 11:37:56"
"SWE","Sweden","Norrkoping","Holmen Board & Paper","SENRK-0057","General cargo /Ro-Ro","0161200E","583600N","True","01/07/2004 00:00:00","02/07/2026 00:00:00","","False","","02/07/2026 12:43:24"
"SWE","Sweden","Norrkoping","Inre hamnen","SENRK-0005","General cargo, Bulk,passenger","0161200E","583600N","True","01/07/2004 00:00:00","21/10/2021 00:00:00","","False","","04/11/2021 13:43:15"
"SWE","Sweden","Norrkoping","Kaj Tallbacken","SENRK-0054","Oil, Sulphuric acid","0161170E","583670N","True","06/02/2015 00:00:00","28/05/2026 00:00:00","","False","","02/06/2026 11:38:54"
"SWE","Sweden","Norrkoping","Kajplats 38","SENRK-0016","Other cargo ship","0161300E","583600N","True","01/07/2004 00:00:00","21/10/2021 00:00:00","","False","","04/11/2021 13:46:39"
"SWE","Sweden","Norrkoping","Kajplats 40","SENRK-0026","chemikal tanker","0164100E","583620N","True","01/07/2004 00:00:00","18/10/2020 00:00:00","","False","","13/01/2021 10:24:26"
"SWE","Sweden","Norrkoping","Kryssningskaj","SENRK-0055","Cruise","0161200E","583600N","True","03/06/2022 00:00:00","03/06/2022 00:00:00","","False","","03/06/2022 09:06:59"
"SWE","Sweden","Norrkoping","Öhmansterminalen","SENRK-0015","Other cargo ships","0161300E","583600N","True","01/07/2004 00:00:00","21/10/2021 00:00:00","","False","","14/06/2026 19:50:58"
"SWE","Sweden","Norrkoping","Omya AB och Cementa","SENRK-0008","Dry bulk","0161200E","583600N","True","01/07/2004 00:00:00","22/05/2026 00:00:00","","False","","22/05/2026 12:44:18"
"SWE","Sweden","Norrkoping","Pampus Energihamn","SENRK-0006","Oil, chemtanker","0161500E","583700N","True","01/07/2004 00:00:00","21/10/2021 00:00:00","","False","","19/02/2026 14:24:11"
"SWE","Sweden","Norrkoping","Pampus torrlastterminal","SENRK-0018","Other cargo ship","0161500E","583700N","True","01/07/2004 00:00:00","21/10/2021 00:00:00","","False","","14/11/2023 14:40:53"
"SWE","Sweden","Norrkoping","Ramshäll","SENRK-0017","Oil, Chem tankers","0161200E","583700N","True","01/07/2004 00:00:00","21/10/2021 00:00:00","","False","","23/02/2022 10:12:06"
"SWE","Sweden","Norrkoping","Yara hamn","SENRK-0007","Bulk","0161150E","583645N","True","01/07/2004 00:00:00","28/11/2022 00:00:00","28/11/2022 00:00:00","False","","03/01/2023 12:19:15"
"SWE","Sweden","Norrsundet","Norrsundets Hamn","SENOT-0001","General cargo, Pulpwood, Paper and Forestry prod.","0170800E","605600N","True","01/07/2004 00:00:00","28/09/2020 00:00:00","","False","","05/06/2024 12:39:47"
"SWE","Sweden","Norvik","Norvik Container","SENRR-0001","Container","0175800E","585600N","True","31/01/2020 00:00:00","15/07/2025 00:00:00","","False","","16/07/2025 06:38:47"
"SWE","Sweden","Norvik","Norvik Ro-Ro","SENRR-0002","Passenger, oil, bulk, others","0175800E","585600N","True","20/03/2020 00:00:00","16/03/2026 00:00:00","","False","","20/03/2026 12:49:39"
"SWE","Sweden","Norvik","Norvik Södra","SENRR-0003","Bulk","0175800E","585500N","True","28/10/2025 00:00:00","28/10/2025 00:00:00","","False","","29/10/2025 19:25:31"
"SWE","Sweden","Nykoping","Studsvik","SENYO-0002","General cargo","0172400E","584600N","True","01/07/2004 00:00:00","01/02/2022 00:00:00","","False","","09/02/2022 15:32:57"
"SWE","Sweden","Nynashamn","LNG-Terminal","SENYN-0013","LNG Terminal","0175800E","585500N","True","11/03/2020 00:00:00","19/12/2025 00:00:00","","False","","19/12/2025 17:32:20"
"SWE","Sweden","Nynashamn","Nynas AB:s Oljehamn","SENYN-0001","Oil, chem","0175820E","585500N","True","24/06/2009 00:00:00","10/02/2022 00:00:00","","False","","20/09/2023 06:02:15"
"SWE","Sweden","Nynashamn","Nynäshamns hamn","SENYN-0002","Ferry","0175700E","585400N","True","01/07/2004 00:00:00","16/03/2026 00:00:00","","False","","20/03/2026 12:47:43"
"SWE","Sweden","Obbola","Obbola","SEOBB-0001","Oil, Chemicals","0201600E","635000N","True","01/07/2004 00:00:00","08/04/2025 00:00:00","","False","","08/04/2025 14:43:47"
"SWE","Sweden","Ornskoldsvik","Alfredshem","SEOER-0023","Bulk, oil, chem","0184200E","631500N","True","01/07/2004 00:00:00","19/04/2022 00:00:00","","False","","29/04/2022 12:19:09"
"SWE","Sweden","Ornskoldsvik","Domsjö","SEOER-0021","Bulk","0184350E","631585N","True","20/04/2017 00:00:00","19/04/2022 00:00:00","","False","","29/04/2022 12:34:18"
"SWE","Sweden","Ornskoldsvik","Framnäs","SEOER-0020","Bulk","0184334E","631704N","True","01/07/2004 00:00:00","19/04/2022 00:00:00","","False","","29/04/2022 13:37:02"
"SWE","Sweden","Ornskoldsvik","Hörneborg","SEOER-0022","Bulk","0184300E","631600N","True","17/06/2009 00:00:00","19/04/2022 00:00:00","","False","","02/06/2022 07:45:08"
"SWE","Sweden","Ornskoldsvik","Hörneborgs Energihamn","SEOER-0011","Oil, Chem","0184259E","631729N","True","01/07/2004 00:00:00","19/04/2022 00:00:00","","False","","09/04/2025 09:20:04"
"SWE","Sweden","Ornskoldsvik","Köpmanholmen","SEOER-0024","Bulk","0183500E","631000N","True","01/07/2004 00:00:00","19/04/2022 00:00:00","","False","","29/04/2022 13:20:26"
"SWE","Sweden","Ornskoldsvik","Oljehamn","SEOER-0002","Chem, Oil","0184300E","631600N","True","01/07/2004 00:00:00","19/04/2022 00:00:00","","False","","29/04/2022 12:02:22"
"SWE","Sweden","Ornskoldsvik","Stenkajen","SEOER-0004","Cruise, Bulk","0184300E","631720N","True","01/07/2004 00:00:00","19/04/2022 00:00:00","","False","","29/04/2022 13:13:02"
"SWE","Sweden","Oskarshamn","Norra hamnen","SEOSK-0002","Passenger (incl HSC), Bulk, Oiltanker, Cargoship HSC and other types of ships","0162700E","571600N","True","24/06/2009 00:00:00","17/10/2024 00:00:00","","False","","23/03/2026 08:07:09"
"SWE","Sweden","Oskarshamn","Södra kajen","SEOSK-0008","Passenger ships including HSC, Other cargo ship","0162700E","571600N","True","03/06/2009 00:00:00","15/11/2021 00:00:00","","False","","15/11/2021 09:26:42"
"SWE","Sweden","Ostrand","Östrand SCA","SEOST-0001","General cargo, Bulk, Forestry prod.","0172000E","622800N","True","01/07/2004 00:00:00","20/04/2026 00:00:00","","False","","20/04/2026 08:18:55"
"SWE","Sweden","Otterbacken","Otterbäcken hamn","SEOTT-0001","Bulk carrier, Other cargo ship","0110000E","580000N","True","01/07/2004 00:00:00","06/12/2021 00:00:00","30/11/2014 00:00:00","False","","06/12/2021 13:26:17"
"SWE","Sweden","Oxelosund","Oxelösund Hamn AB Stålhamnen","SEOXE-0001","Steel","0170700E","584000N","True","01/07/2004 00:00:00","02/06/2026 00:00:00","","False","","02/06/2026 13:17:09"
"SWE","Sweden","Oxelosund","Stadshamnen","SEOXE-0002","Bulk, General cargo","0170700E","584000N","True","30/09/2009 00:00:00","09/12/2025 00:00:00","","False","","09/12/2025 09:24:37"
"SWE","Sweden","Pitea","Piteå Hamn","SEPIT-0001","Bulk, Chem, Oil","0212848E","651904N","True","01/07/2004 00:00:00","13/10/2021 00:00:00","","False","","06/12/2021 13:33:23"
"SWE","Sweden","Pitea","Sandholmens Hamn","SEPIT-0002","Bulk","0254700E","465900N","True","02/09/2016 00:00:00","19/10/2020 00:00:00","","False","","01/03/2021 07:58:05"
"SWE","Sweden","Ringhals","Ringhals Kraftverkshamnen Videberg","SERIN-0001","Other cargo ship","0120700E","571500N","True","01/07/2004 00:00:00","25/04/2025 00:00:00","","False","","25/04/2025 10:45:44"
"SWE","Sweden","Ronnang","PFG Hamn Ängholmen","SERNG-0005","Bulk carrier, Other cargo ship (service and waiting harbour)","0113379E","575659N","True","19/11/2012 00:00:00","17/04/2025 00:00:00","","False","","17/04/2025 11:09:07"
"SWE","Sweden","Ronnskar","Rönnskär","SEROR-0001","Bulk, Chemicals","0211600E","643900N","True","01/07/2004 00:00:00","13/05/2026 00:00:00","","False","","13/05/2026 12:28:59"
"SWE","Sweden","Rundvik","Rundviks Sågverk SCA","SERUV-0001","General cargo, Bulk, Forestry prod.","0192600E","633200N","True","01/07/2004 00:00:00","12/12/2025 00:00:00","","False","","12/12/2025 10:45:20"
"SWE","Sweden","Sandarne","Kraton Chemical AB","SESAE-0001","Oil, chem","0170900E","611600N","True","01/07/2004 00:00:00","19/02/2025 00:00:00","","False","","05/03/2025 12:55:38"
"SWE","Sweden","Sandarne","Sandarne SMA","SESAE-0002","Bulk","0170600E","611900N","True","01/07/2004 00:00:00","19/02/2025 00:00:00","","False","","04/03/2026 12:46:45"
"SWE","Sweden","Simpevarp","Simpevarp","SESPP-0001","Other types of ships","0164000E","572500N","True","20/12/2011 00:00:00","11/12/2025 00:00:00","","False","","22/12/2025 13:14:21"
"SWE","Sweden","Skelleftehamn","Port of Skellefteå Cementkajen","SESKE-0001","Cement","0211610E","644050N","True","01/07/2004 00:00:00","24/02/2025 00:00:00","","False","","15/04/2026 09:29:35"
"SWE","Sweden","Skelleftehamn","Port of Skellefteå Energikajen","SESKE-0004","Oil and Chemical tanker","0205700E","644400N","True","01/07/2004 00:00:00","24/02/2025 00:00:00","","False","","15/04/2026 09:33:26"
"SWE","Sweden","Skelleftehamn","Port of Skellefteå Södra Hamnen","SESKE-0002","General cargo, Bulk","0205700E","644400N","True","01/07/2004 00:00:00","24/02/2025 00:00:00","","False","","15/04/2026 09:37:54"
"SWE","Sweden","Skoghall","Stora Enso Skoghalls Bruks Hamn","SESKO-0003","Oil","0132600E","591900N","True","21/06/2022 00:00:00","21/06/2022 00:00:00","","False","","31/01/2025 12:42:17"
"SWE","Sweden","Skutskar","Fyruddshamnen Vedkaj","SESSR-0003","Bulk, Oil, Chem","0172400E","603800N","True","03/02/2022 00:00:00","03/02/2022 00:00:00","","False","","21/03/2022 14:18:34"
"SWE","Sweden","Skutskar","Skutskärshamn Massakajen","SESSR-0004","Bulk","0172300E","603800N","True","03/02/2022 00:00:00","03/02/2022 00:00:00","","False","","21/03/2022 14:21:59"
"SWE","Sweden","Slite","Heidelberg Materials","SESLI-0001","Bulk, Oil","0184900E","574200N","True","01/07/2004 00:00:00","17/03/2025 00:00:00","","False","","25/03/2025 12:43:30"
"SWE","Sweden","Slite","Slite Lanthamn","SESLI-0002","Bulk","0184900E","574300N","True","01/07/2004 00:00:00","05/03/2025 00:00:00","","False","","06/03/2025 13:44:19"
"SWE","Sweden","Soderhamn","Långrörs Hamn","SESOO-0001","Oil, Bulk, Chem, Other cargo","0170400E","611800N","True","01/07/2004 00:00:00","16/06/2022 00:00:00","","False","","20/12/2022 08:12:39"
"SWE","Sweden","Soderhamn","Orrskärs Hamn","SESOO-0002","Bulk","0170400E","611800N","True","01/07/2004 00:00:00","16/06/2022 00:00:00","","False","","20/12/2022 08:39:42"
"SWE","Sweden","Sodertalje","Energihamnen","SESOE-0004","Oil, Chemicals","0173968E","591025N","True","01/07/2004 00:00:00","15/06/2026 00:00:00","","False","","16/06/2026 07:45:54"
"SWE","Sweden","Sodertalje","Enhörna","SESOE-0002","Other cargo ship","0172400E","591700N","True","01/07/2004 00:00:00","29/01/2025 00:00:00","","False","","31/01/2025 10:41:24"
"SWE","Sweden","Sodertalje","Igelstahamnen","SESOE-0042","General cargo, Bulk","0173984E","591047N","True","19/12/2013 00:00:00","03/06/2024 00:00:00","","False","","04/06/2024 07:58:11"
"SWE","Sweden","Sodertalje","Sydhamnen","SESOE-0005","Bulk, container","0173970E","590968N","True","01/07/2004 00:00:00","15/06/2026 00:00:00","","False","","16/06/2026 07:50:26"
"SWE","Sweden","Sodertalje","Uthamnen","SESOE-0006","Bulk","0172370E","591069N","True","01/07/2004 00:00:00","15/06/2026 00:00:00","","False","","16/06/2026 07:48:36"
"SWE","Sweden","Solvesborg","Yttre hamnen","SESOL-0003","Bulk and other types of ships","0143500E","560300N","True","03/02/2012 00:00:00","07/03/2022 00:00:00","","False","","19/11/2025 23:02:47"
"SWE","Sweden","Soraker","Söråker Delta terminal AB","SESOR-0003","General cargo","0173000E","623000N","True","01/07/2004 00:00:00","09/04/2025 00:00:00","","False","","10/04/2025 07:52:59"
"SWE","Sweden","Stenungsund","Borealis Havden hamn","SESTE-0002","Oil tanker, chem.tanker, gas carrier","0114900E","580500N","True","07/10/2025 00:00:00","07/10/2025 00:00:00","","False","","07/10/2025 14:30:20"
"SWE","Sweden","Stenungsund","INOVYN hamn","SESTE-0003","Bulk carrier, Chemical tanker, Gas carrier, Oil tanker","0114900E","580500N","True","01/07/2004 00:00:00","21/02/2022 00:00:00","","False","","31/01/2024 11:38:29"
"SWE","Sweden","Stenungsund","Petro Port","SESTE-0025","Chemical tanker, Oil tanker, Gas carrier","0114900E","580500N","True","23/10/2012 00:00:00","18/02/2022 00:00:00","","False","","02/03/2022 12:26:00"
"SWE","Sweden","Stenungsund","Talludden","SESTE-0004","Bulk carrier","0114900E","580500N","True","20/05/2009 00:00:00","25/11/2025 00:00:00","","False","","25/11/2025 12:41:27"
"SWE","Sweden","Stenungsund","Vattenfalls hamn","SESTE-0005","Oil tanker, chem.tanker, gas carrier","0114900E","580500N","True","01/07/2004 00:00:00","27/05/2025 00:00:00","","False","","28/05/2025 11:30:26"
"SWE","Sweden","Stockholm","Cementa Stockholmsdepå","SESTO-0004","Bulk","0180300E","591900N","True","01/07/2004 00:00:00","17/07/2025 00:00:00","","False","","17/07/2025 10:39:46"
"SWE","Sweden","Stockholm","Frihamnen 630-655","SESTO-0011","Bulk, Ferry, general cargo","0180300E","591900N","True","01/07/2004 00:00:00","03/06/2025 00:00:00","","False","","09/06/2025 05:04:06"
"SWE","Sweden","Stockholm","Frihamnsterminalen","SESTO-0014","Ferry, Bulk","0180300E","591900N","True","01/07/2004 00:00:00","03/06/2025 00:00:00","","False","","09/06/2025 05:04:49"
"SWE","Sweden","Stockholm","Hammarby Kaj","SESTO-0002","Oil, Chem, other cargo","0180300E","591900N","True","01/07/2004 00:00:00","16/04/2025 00:00:00","","False","","24/04/2025 06:53:30"
"SWE","Sweden","Stockholm","Masthamnen","SESTO-0025","Ferry, Bulk","0180300E","591900N","True","01/07/2004 00:00:00","03/06/2025 00:00:00","","False","","09/06/2025 05:03:21"
"SWE","Sweden","Stockholm","Skeppsbron 105-106 inkl. ankarplats Stockholms Ström","SESTO-0020","Cruiseliner, Ferry, Oil, Chemical, Bulk","0180300E","591900N","True","01/07/2004 00:00:00","16/03/2026 00:00:00","","False","","20/03/2026 12:44:32"
"SWE","Sweden","Stockholm","Stadsgården 160","SESTO-0021","Cruiseliners, Oil, Chemicals, Bulk","0180300E","591900N","True","01/07/2004 00:00:00","16/03/2026 00:00:00","","False","","20/03/2026 12:45:25"
"SWE","Sweden","Stockholm","Stockholms Exergi Energihamnen i Värtan","SESTO-0065","Bulk, oil, gerneral cargo","0180300W","591900N","True","01/07/2004 00:00:00","09/12/2022 00:00:00","","False","","21/02/2023 06:51:59"
"SWE","Sweden","Stockholm","Stockholms Reparationsvarv","SESTO-0006","Shipyard","0180300W","591900N","True","01/07/2004 00:00:00","18/09/2021 00:00:00","","False","","18/03/2025 12:05:12"
"SWE","Sweden","Stockholm","Värtahamnen","SESTO-0019","Ferry, Bulk","0180300E","591900N","True","01/07/2004 00:00:00","16/03/2026 00:00:00","","False","","20/03/2026 12:46:35"
"SWE","Sweden","Stockholm","Värtahamnen Energi","SESTO-0066","Oil","0180300E","591900N","True","05/06/2025 00:00:00","05/06/2025 00:00:00","","False","","09/06/2025 09:17:51"
"SWE","Sweden","Stockvik","Nouryon Stockvik","SESTK-0001","Bulk, Chem, Oil","0172000E","622500N","True","01/07/2004 00:00:00","28/11/2022 00:00:00","","False","","14/02/2023 12:27:00"
"SWE","Sweden","Stora Vika","Stockholms Bulkhamn AB","SESTV-0001","Dry cargo,Bulk","0174700E","585600N","True","01/07/2004 00:00:00","03/11/2025 00:00:00","","False","","17/02/2026 06:43:33"
"SWE","Sweden","Storugns","Storungs hamn","SESUS-0001","Bulk, oil","0184800E","575000N","True","01/07/2004 00:00:00","28/04/2026 00:00:00","","False","","28/04/2026 11:27:43"
"SWE","Sweden","Stra","Stucks Strå Hamn","SEKAF-0001","Bulc","0190100E","575300N","True","23/05/2017 00:00:00","03/03/2026 00:00:00","","False","","04/05/2026 13:12:53"
"SWE","Sweden","Stromstad","Kålvik hamn","SESMD-0024","Bulk carrier, Other cargo ship","0111814E","590698N","True","11/01/2019 00:00:00","03/03/2029 00:00:00","","False","","20/05/2025 13:22:59"
"SWE","Sweden","Stromstad","Skeppsbropiren","SESMD-0005","Passenger ship","0111000E","585600N","True","01/07/2004 00:00:00","31/10/2025 00:00:00","20/04/2010 00:00:00","False","","03/11/2025 09:32:20"
"SWE","Sweden","Stromstad","Torskholmen Färjeterminal, Strömstad kommun","SESMD-0023","Passenger ship","0111000E","585600N","True","18/06/2014 00:00:00","16/12/2025 00:00:00","18/06/2014 00:00:00","False","","16/12/2025 13:56:38"
"SWE","Sweden","Stugsund","Stugsund","SESTU-0001","Bulk","0170500E","611800N","True","01/07/2004 00:00:00","16/06/2022 00:00:00","","False","","20/12/2022 08:08:04"
"SWE","Sweden","Sundsvall","Mokajen","SESDL-0003","Cement","0172000E","622500N","True","01/07/2004 00:00:00","19/12/2025 00:00:00","","False","","19/12/2025 17:21:22"
"SWE","Sweden","Sundsvall","Oljehamnen","SESDL-0001","Oil","0172000E","622500N","True","01/07/2004 00:00:00","19/12/2025 00:00:00","","False","","19/12/2025 17:22:00"
"SWE","Sweden","Surte","Surte hamn","SESUR-0001","Bulk carrier, Other cargo ship","0120100E","575000N","True","27/08/2009 00:00:00","29/09/2023 00:00:00","","False","","29/09/2023 16:05:11"
"SWE","Sweden","Trelleborg","Handelskajen","SETRG-0001","Bulk, oil and other type of ship.","0130900E","552200N","True","28/01/2010 00:00:00","03/06/2025 00:00:00","","False","","03/06/2025 10:58:23"
"SWE","Sweden","Trelleborg","RoRo-Trafiken","SETRG-0003","Passenger and other types of ships","0130900E","552200N","True","28/01/2010 00:00:00","03/06/2025 00:00:00","","False","","03/06/2025 10:57:23"
"SWE","Sweden","Trollhattan","Stallbackahamnen","SETHN-0001","Bulk carrier, Other cargo ship","0121800E","581900N","True","01/07/2004 00:00:00","06/12/2021 00:00:00","27/04/2015 00:00:00","False","","26/02/2025 07:59:21"
"SWE","Sweden","Tunadal","Tunadalshamnen","SETUN-0002","General cargo, Forestry products, Passenger ships","0172000E","622500N","True","01/07/2004 00:00:00","03/11/2025 00:00:00","","False","","03/11/2025 18:25:36"
"SWE","Sweden","Uddevalla","Badö/Bäve","SEUDD-0001","Bulk carrier, Other cargo ship","0115000E","581500N","True","01/07/2004 00:00:00","12/01/2022 00:00:00","","False","","12/01/2022 12:34:39"
"SWE","Sweden","Uddevalla","Benders Uddevalla Kaj 7","SEUDD-0006","Bulk carriers and other types of ships","0115254E","582043N","True","18/05/2019 00:00:00","24/02/2025 00:00:00","","False","","26/11/2025 10:38:32"
"SWE","Sweden","Uddevalla","Exxon Mobil","SEUDD-0002","Oil tanker, Chemical tanker","0115500E","582100N","True","12/11/2009 00:00:00","25/11/2025 00:00:00","","False","","26/11/2025 10:23:27"
"SWE","Sweden","Uddevalla","Fröland","SEUDD-0003","Bulk carrier, Other cargo ship, cehm.tanker","0115000E","581500N","True","20/05/2010 00:00:00","12/01/2022 00:00:00","","False","","12/01/2022 12:38:30"
"SWE","Sweden","Uddevalla","Sörvik/Skeppsholmspiren","SEUDD-0005","Bulk carrier, Other cargo ship, chem.tanker Oiltanker","0115000E","581500N","True","01/07/2004 00:00:00","12/01/2022 00:00:00","","False","","12/01/2022 12:45:25"
"SWE","Sweden","Umea","Färjeterminalen Hillskär","SEUME-0001","Ferry","0201600E","635000N","True","01/07/2004 00:00:00","11/12/2024 00:00:00","","False","","24/01/2025 12:14:41"
"SWE","Sweden","Umea","Gustafsudde","SEUME-0009","Bulk, Container, Cruise","0202000E","634100N","True","12/11/2018 00:00:00","17/01/2025 00:00:00","","False","","18/01/2025 22:40:06"
"SWE","Sweden","Umea","Holmsund Fodercentralen","SEUME-0006","Grain","0202000E","634100N","True","12/11/2018 00:00:00","17/01/2025 00:00:00","","False","","18/01/2025 22:37:14"
"SWE","Sweden","Umea","Holmsund Inre Hamnen","SEUME-0007","General cargo, Bulk","0202000E","634200N","True","12/11/2018 00:00:00","17/01/2025 00:00:00","","False","","18/01/2025 22:37:52"
"SWE","Sweden","Umea","Holmsund Oljehamnen","SEUME-0008","Oil","0202000W","634100N","True","12/11/2018 00:00:00","17/01/2025 00:00:00","","False","","18/01/2025 22:39:02"
"SWE","Sweden","Utansjo","Utansjö hamn","SEUTA-0007","Bulk","0175500E","624600N","True","04/12/2020 00:00:00","04/03/2021 00:00:00","","False","","11/06/2024 07:46:33"
"SWE","Sweden","Vaja","Väja Magasinkaj","SEVAJ-0003","Oil, Bulk","0174500E","625900N","True","30/05/2019 00:00:00","28/04/2026 00:00:00","","False","","28/04/2026 10:04:59"
"SWE","Sweden","Vaja","Väja Sågverkskaj","SEVAJ-0001","Oil, General cargo, Paper and Forestry prod.","0174500E","625900N","True","01/07/2004 00:00:00","28/04/2026 00:00:00","","False","","28/04/2026 10:05:23"
"SWE","Sweden","Vallvik","Vallviks Bruk AB","SEVAL-0002","Bulk","0171100E","611100N","True","20/12/2017 00:00:00","19/10/2021 00:00:00","","False","","18/10/2021 06:27:17"
"SWE","Sweden","Varberg","Hallandshamnar Varberg AB","SEVAG-0001","Bulk carrier, Other cargo ship, Passenger ship","0121500E","570600N","True","01/07/2004 00:00:00","02/04/2025 00:00:00","18/11/2015 00:00:00","False","","16/01/2026 11:44:20"
"SWE","Sweden","Vasteras","Västerås Energihamn","SEVST-0001","Oil, chem","0163112E","593527N","True","01/07/2004 00:00:00","18/05/2026 00:00:00","","False","","18/05/2026 11:03:30"
"SWE","Sweden","Vasteras","Västerås Silokajen","SEVST-0003","Bulk","0162600E","593600N","True","01/07/2004 00:00:00","18/05/2026 00:00:00","","False","","18/05/2026 11:05:37"
"SWE","Sweden","Vasteras","Västerås Västra Hamnen","SEVST-0002","Bulk","0162600E","593600N","True","01/07/2004 00:00:00","18/05/2026 00:00:00","","False","","18/05/2026 11:11:42"
"SWE","Sweden","Vastervik","Aqua Hamn Västervik","SEVVK-0017","Bulk Annat Lastfartyg","0164000E","574500N","True","12/09/2025 00:00:00","12/09/2025 00:00:00","","False","","23/09/2025 11:58:09"
"SWE","Sweden","Vastervik","Lucernahamnen","SEVVK-0003","Passengership (incl HSC), Oil tanker, Bulk and other types of ships.","0163900E","574500N","True","23/06/2009 00:00:00","24/11/2025 00:00:00","","False","","24/11/2025 15:22:43"
"SWE","Sweden","Visby","Färjeterminalen Region Gotland","SEVBY-0006","Passenger, Passenger HSC","0181700E","573900N","True","16/06/2017 00:00:00","05/03/2025 00:00:00","","False","","06/03/2025 11:13:11"
"SWE","Sweden","Visby","Holmen","SEVBY-0002","Bulk, cruises","0181700E","573800N","True","01/07/2004 00:00:00","05/03/2025 00:00:00","","False","","13/03/2025 08:43:04"
"SWE","Sweden","Visby","Kryssningskaj","SEVBY-0007","Cruises, ferry","0181700E","573800N","True","12/03/2018 00:00:00","05/03/2025 00:00:00","","False","","06/03/2025 11:05:59"
"SWE","Sweden","Visby","Oljehamnen","SEVBY-0004","Oil","0181700E","573900N","True","01/07/2004 00:00:00","05/03/2025 00:00:00","","False","","06/03/2025 19:38:18"
"SWE","Sweden","Visby","Skeppsbron","SEVBY-0005","Ro-ro, Cruise","0181700E","573900N","True","01/07/2004 00:00:00","05/03/2025 00:00:00","","False","","06/03/2025 11:18:15"
"SWE","Sweden","Wallhamn","Wallhamn","SEWAL-0001","Bulk carrier, Other cargo ship","0114200E","580100N","True","01/07/2004 00:00:00","17/07/2024 00:00:00","","False","","24/09/2024 13:07:20"
"SWE","Sweden","Ystad","Passagerarterminalen","SEYST-0001","Passenger ships (incl HSC) and other types of ships.","0135000E","552600N","True","25/05/2009 00:00:00","27/05/2025 00:00:00","","False","","27/05/2025 12:37:54"
"SWE","Sweden","Ystad","Revhuskajen","SEYST-0005","Bulk and other types of ships","0135000E","552600N","True","25/05/2009 00:00:00","27/05/2025 00:00:00","","False","","09/01/2026 06:56:56"
"SWE","Sweden","Ystad","Västra Terminalen","SEYST-0006","Bulk and other typs of ships","0135000E","552600N","True","25/05/2009 00:00:00","27/05/2025 00:00:00","","False","","27/05/2025 12:39:28"
